displayText,renderText,manifestKey,assetId,Fexisting,Mexisting,newF,newM,provenance
der/die Grafiker/in,der Grafiker, die Grafikerin,der/die Grafiker/in,372623d089b61387,NO,NO,YES,YES,AUTO
der/die Gründer/in,der Gründer, die Gründerin,der/die Gründer/in,2a4d4706a7c2b0ee,NO,NO,YES,YES,AUTO
der/die Muslim/in,der Muslim, die Muslimin,der/die Muslim/in,fe63400e7013dc7d,NO,NO,YES,YES,AUTO
der/die Nachmieter/in,der Nachmieter, die Nachmieterin,der/die Nachmieter/in,c585e398ed103352,NO,NO,YES,YES,AUTO
der/die Produzent/in,der Produzent, die Produzentin,der/die Produzent/in,6a3c5981f202a528,NO,NO,YES,YES,AUTO
der/die Regisseur/in,der Regisseur, die Regisseurin,der/die Regisseur/in,9fc4e152b9625cda,NO,NO,YES,YES,AUTO
der/die Senior/in,der Senior, die Seniorin,der/die Senior/in,60415b4debff615f,NO,NO,YES,YES,AUTO
der/die Amateur-Boxer/in,der Amateur-Boxer, die Amateur-Boxerin,der/die Amateur-Boxer/in,16f98c242b99bbce,NO,NO,YES,YES,AUTO
der/die Drehbuchautor/in,der Drehbuchautor, die Drehbuchautorin,der/die Drehbuchautor/in,72049cc49745c2d5,NO,NO,YES,YES,AUTO
der/die Einwanderer/in,der Einwanderer, die Einwanderin,der/die Einwanderer/in,c0f4a0553868ec79,NO,NO,YES,YES,AUTHORED
der/die Filmregisseur/in,der Filmregisseur, die Filmregisseurin,der/die Filmregisseur/in,d5436ec5236e6027,NO,NO,YES,YES,AUTO
der/die Sprachwissenschaftler/in,der Sprachwissenschaftler, die Sprachwissenschaftlerin,der/die Sprachwissenschaftler/in,19cb585492788a61,NO,NO,YES,YES,AUTO
der/die Wissenschaftler/in,der Wissenschaftler, die Wissenschaftlerin,der/die Wissenschaftler/in,c1ec7631c7fcf83a,NO,NO,YES,YES,AUTO
der/die Kneipenbesitzer/in,der Kneipenbesitzer, die Kneipenbesitzerin,der/die Kneipenbesitzer/in,331ec036f331cd58,NO,NO,YES,YES,AUTO
der/die Nichtschwimmer/in,der Nichtschwimmer, die Nichtschwimmerin,der/die Nichtschwimmer/in,80e77aaeb8d83635,NO,NO,YES,YES,AUTO
der/die Wanderarbeiter/in,der Wanderarbeiter, die Wanderarbeiterin,der/die Wanderarbeiter/in,9433dc46363200c4,NO,NO,YES,YES,AUTO
der/die Autor/in,der Autor, die Autorin,der/die Autor/in,a708f4e56ec37855,NO,NO,YES,YES,AUTO
der/die Gegner/in,der Gegner, die Gegnerin,der/die Gegner/in,8c37a29ed256db5b,NO,NO,YES,YES,AUTO
der/die Kabarettist/in,der Kabarettist, die Kabarettistin,der/die Kabarettist/in,893b278849980a1d,NO,NO,YES,YES,AUTO
der/die Komponist/in,der Komponist, die Komponistin,der/die Komponist/in,6b233176bbdf9e0a,NO,NO,YES,YES,AUTO
der/die Telefonist/in,der Telefonist, die Telefonistin,der/die Telefonist/in,5fc7ff56fe8903d6,NO,NO,YES,YES,AUTO
der/die Therapeut/in,der Therapeut, die Therapeutin,der/die Therapeut/in,dc9fd6bd005f2e95,NO,NO,YES,YES,AUTO
der/die Bibliothekar/in,der Bibliothekar, die Bibliothekarin,der/die Bibliothekar/in,dd0d6883261e6dca,NO,NO,YES,YES,AUTO
der/die Gepäckermittler/in,der Gepäckermittler, die Gepäckermittlerin,der/die Gepäckermittler/in,9020a0d081a607dc,NO,NO,YES,YES,AUTO
der/die Stellvertreter/in,der Stellvertreter, die Stellvertreterin,der/die Stellvertreter/in,0bcad87b1f4efb9f,NO,NO,YES,YES,AUTO
der/die Trendforscher/in,der Trendforscher, die Trendforscherin,der/die Trendforscher/in,b4efd89d1018b984,NO,NO,YES,YES,AUTO
der/die Bauzeichner/in,der Bauzeichner, die Bauzeichnerin,der/die Bauzeichner/in,504b08394497e875,NO,NO,YES,YES,AUTO
der/die Bewerber/in,der Bewerber, die Bewerberin,der/die Bewerber/in,e34ce455cbc94a0a,NO,NO,YES,YES,AUTO
der/die Blogger/in,der Blogger, die Bloggerin,der/die Blogger/in,53eb899c7f783b62,NO,NO,YES,YES,AUTO
der/die Jurist/in,der Jurist, die Juristin,der/die Jurist/in,d6f0d5831cbc1cf1,NO,NO,YES,YES,AUTO
der/die Konzertpianist/in,der Konzertpianist, die Konzertpianistin,der/die Konzertpianist/in,39d4f823f3166171,NO,NO,YES,YES,AUTO
der/die Manager/in,der Manager, die Managerin,der/die Manager/in,d5ff735124f120bc,NO,NO,YES,YES,AUTO
der/die Parfümeur/in,der Parfümeur, die Parfümeurin,der/die Parfümeur/in,f91ec30e80b2e486,NO,NO,YES,YES,AUTO
der/die Schneider/in,der Schneider, die Schneiderin,der/die Schneider/in,ce1bbd7ce3cb25cd,NO,NO,YES,YES,AUTO
der/die Unternehmer/in,der Unternehmer, die Unternehmerin,der/die Unternehmer/in,f42c5037a41e2fe4,NO,NO,YES,YES,AUTO
der/die Bewerbungstrainer/in,der Bewerbungstrainer, die Bewerbungstrainerin,der/die Bewerbungstrainer/in,d3169c30ffedb211,NO,NO,YES,YES,AUTO
der/die Eventmanager/in,der Eventmanager, die Eventmanagerin,der/die Eventmanager/in,508a81e72c1d85e0,NO,NO,YES,YES,AUTO
der/die Geschäftsführer/in,der Geschäftsführer, die Geschäftsführerin,der/die Geschäftsführer/in,0f21bd4d07e9f505,NO,NO,YES,YES,AUTO
der/die Grillmeister/in,der Grillmeister, die Grillmeisterin,der/die Grillmeister/in,27df1b33e497bb90,NO,NO,YES,YES,AUTO
der/die Informatiker/in,der Informatiker, die Informatikerin,der/die Informatiker/in,0455c0c61d2ab203,NO,NO,YES,YES,AUTO
der/die Klavierbauer/in,der Klavierbauer, die Klavierbauerin,der/die Klavierbauer/in,97b92882375b4c53,NO,NO,YES,YES,AUTO
der/die Maskenbildner/in,der Maskenbildner, die Maskenbildnerin,der/die Maskenbildner/in,87ad3af10002a8bc,NO,NO,YES,YES,AUTO
der/die Textilunternehmer/in,der Textilunternehmer, die Textilunternehmerin,der/die Textilunternehmer/in,f261440ecd64f643,NO,NO,YES,YES,AUTO
der/die Verkaufsassistent/in,der Verkaufsassistent, die Verkaufsassistentin,der/die Verkaufsassistent/in,233d9a060f16506d,NO,NO,YES,YES,AUTO
der/die Werbepartner/in,der Werbepartner, die Werbepartnerin,der/die Werbepartner/in,a347d9ee65824672,NO,NO,YES,YES,AUTO
der/die Betreiber/in,der Betreiber, die Betreiberin,der/die Betreiber/in,5c4b04b96cd2724f,NO,NO,YES,YES,AUTO
der/die Helfer/in,der Helfer, die Helferin,der/die Helfer/in,eb69c84dd38be2e4,NO,NO,YES,YES,AUTO
der/die Sponsor/in,der Sponsor, die Sponsorin,der/die Sponsor/in,442c60322a9e10da,NO,NO,YES,YES,AUTO
der/die Alleinernährer/in,der Alleinernährer, die Alleinernährerin,der/die Alleinernährer/in,a7c2820ee413f8c6,NO,NO,YES,YES,AUTO
der/die Geringverdiener/in,der Geringverdiener, die Geringverdienerin,der/die Geringverdiener/in,56bae33e9e4f77cc,NO,NO,YES,YES,AUTO
der/die Sicherheitsleiter/in,der Sicherheitsleiter, die Sicherheitsleiterin,der/die Sicherheitsleiter/in,d9c2ae7249a0a0df,NO,NO,YES,YES,AUTO
der/die Sozialhilfeempfänger/in,der Sozialhilfeempfänger, die Sozialhilfeempfängerin,der/die Sozialhilfeempfänger/in,8d31d9cd7923fc17,NO,NO,YES,YES,AUTO
der/die Amtsinhaber/in,der Amtsinhaber, die Amtsinhaberin,der/die Amtsinhaber/in,09ab3c92224ab5c6,NO,NO,YES,YES,AUTO
der/die Bauarbeiter/in,der Bauarbeiter, die Bauarbeiterin,der/die Bauarbeiter/in,92922d5d44a0bbdb,NO,NO,YES,YES,AUTO
der/die Grenzsoldat/in,der Grenzsoldat, die Grenzsoldatin,der/die Grenzsoldat/in,08d29610f1f80479,NO,NO,YES,YES,AUTO
der/die Kanzler/in,der Kanzler, die Kanzlerin,der/die Kanzler/in,be4042c673206a76,NO,NO,YES,YES,AUTO
der/die Krieger/in,der Krieger, die Kriegerin,der/die Krieger/in,b7295bdc56c529de,NO,NO,YES,YES,AUTO
der/die Lokführer/in,der Lokführer, die Lokführerin,der/die Lokführer/in,ab72377840c82021,NO,NO,YES,YES,AUTO
der/die Regierungschef/in,der Regierungschef, die Regierungschefin,der/die Regierungschef/in,aab2cf2d91033663,NO,NO,YES,YES,AUTO
der/die Rentner/in,der Rentner, die Rentnerin,der/die Rentner/in,045243f82318d357,NO,NO,YES,YES,AUTO
der/die Schiedsrichter/in,der Schiedsrichter, die Schiedsrichterin,der/die Schiedsrichter/in,e1a20bf06c8a0630,NO,NO,YES,YES,AUTO
der/die Besitzer/in,der Besitzer, die Besitzerin,der/die Besitzer/in,fe304efdd5d0ad0f,NO,NO,YES,YES,AUTO
der/die Bundeskanzler/in,der Bundeskanzler, die Bundeskanzlerin,der/die Bundeskanzler/in,fdf361829f38681b,NO,NO,YES,YES,AUTO
der/die Bundesminister/in,der Bundesminister, die Bundesministerin,der/die Bundesminister/in,246026eedfc2608e,NO,NO,YES,YES,AUTO
der/die Kanzlerkandidat/in,der Kanzlerkandidat, die Kanzlerkandidatin,der/die Kanzlerkandidat/in,2a8b5664dcfd9098,NO,NO,YES,YES,AUTO
der/die Pressesprecher/in,der Pressesprecher, die Pressesprecherin,der/die Pressesprecher/in,a47f0af8c6940ff8,NO,NO,YES,YES,AUTO
der/die Regierungssprecher/in,der Regierungssprecher, die Regierungssprecherin,der/die Regierungssprecher/in,9cfaa9619487f6c9,NO,NO,YES,YES,AUTO
der/die Staatsführer/in,der Staatsführer, die Staatsführerin,der/die Staatsführer/in,b315c15ab9184302,NO,NO,YES,YES,AUTO
der/die Außenseiter/in,der Außenseiter, die Außenseiterin,der/die Außenseiter/in,9c1723ca01394c29,NO,NO,YES,YES,AUTO
der/die Dichter/in,der Dichter, die Dichterin,der/die Dichter/in,f2e70f6f6820f957,NO,NO,YES,YES,AUTO
der/die Essayist/in,der Essayist, die Essayistin,der/die Essayist/in,e8a7597861db87ef,NO,NO,YES,YES,AUTO
der/die Musiktherapeut/in,der Musiktherapeut, die Musiktherapeutin,der/die Musiktherapeut/in,0549a84b9d79c587,NO,NO,YES,YES,AUTO
der/die Philosoph/in,der Philosoph, die Philosophin,der/die Philosoph/in,46cc917d9a86ff9a,NO,NO,YES,YES,AUTO
der/die Romantiker/in,der Romantiker, die Romantikerin,der/die Romantiker/in,23d86f5e1f032a4f,NO,NO,YES,YES,AUTO
der/die Satiriker/in,der Satiriker, die Satirikerin,der/die Satiriker/in,a04564e250f5aa1f,NO,NO,YES,YES,AUTO
der/die Schriftsteller/in,der Schriftsteller, die Schriftstellerin,der/die Schriftsteller/in,13b14715de13a9f1,NO,NO,YES,YES,AUTO
der/die Detektiv/in,der Detektiv, die Detektivin,der/die Detektiv/in,15a807bc0c25826e,NO,NO,YES,YES,AUTO
der/die Idiot/in,der Idiot, die Idiotin,der/die Idiot/in,5964775dfa70f92d,NO,NO,YES,YES,AUTO
der/die Informant/in,der Informant, die Informantin,der/die Informant/in,bd7800cdfc97e2ba,NO,NO,YES,YES,AUTO
der/die Kaiser/in,der Kaiser, die Kaiserin,der/die Kaiser/in,d2cae6a08015db52,NO,NO,YES,YES,AUTO
der/die Kommissar/in,der Kommissar, die Kommissarin,der/die Kommissar/in,66f6cb249b82aa43,NO,NO,YES,YES,AUTO
der/die Mandant/in,der Mandant, die Mandantin,der/die Mandant/in,b240f28681bba22a,NO,NO,YES,YES,AUTO
der/die Reporter/in,der Reporter, die Reporterin,der/die Reporter/in,e9f47cc49aba9b00,NO,NO,YES,YES,AUTO
der/die Betrachter/in,der Betrachter, die Betrachterin,der/die Betrachter/in,9f9441cd606f06d8,NO,NO,YES,YES,AUTO
der/die Entdecker/in,der Entdecker, die Entdeckerin,der/die Entdecker/in,9651095b4f25a303,NO,NO,YES,YES,AUTO
der/die Galerist/in,der Galerist, die Galeristin,der/die Galerist/in,e924b7499cee2f46,NO,NO,YES,YES,AUTO
der/die Ich-Erzähler/in,der Ich-Erzähler, die Ich-Erzählerin,der/die Ich-Erzähler/in,e4fc28a4441675ba,NO,NO,YES,YES,AUTO
der/die Malereiprofessor/in,der Malereiprofessor, die Malereiprofessorin,der/die Malereiprofessor/in,198b83aa34170b12,NO,NO,YES,YES,AUTO
der/die Meisterschüler/in,der Meisterschüler, die Meisterschülerin,der/die Meisterschüler/in,a4bad0c8e6c11482,NO,NO,YES,YES,AUTO
der/die Muttersprachler/in,der Muttersprachler, die Muttersprachlerin,der/die Muttersprachler/in,59e5a705a7f72992,NO,NO,YES,YES,AUTO
der/die Schlossbesucher/in,der Schlossbesucher, die Schlossbesucherin,der/die Schlossbesucher/in,59be81b798768a3c,NO,NO,YES,YES,AUTO
der/die Sprachforscher/in,der Sprachforscher, die Sprachforscherin,der/die Sprachforscher/in,dc54fec1c135575f,NO,NO,YES,YES,AUTO
der/die Vertreter/in,der Vertreter, die Vertreterin,der/die Vertreter/in,cc97ada73b1bf011,NO,NO,YES,YES,AUTO
der/die Astronom/in,der Astronom, die Astronomin,der/die Astronom/in,8e42069ce6531e9f,NO,NO,YES,YES,AUTO
der/die Aussteller/in,der Aussteller, die Ausstellerin,der/die Aussteller/in,b7b5ca2b72cbe513,NO,NO,YES,YES,AUTO
der/die Autofahrer/in,der Autofahrer, die Autofahrerin,der/die Autofahrer/in,51aab1d3da452e4d,NO,NO,YES,YES,AUTO
der/die Berater/in,der Berater, die Beraterin,der/die Berater/in,20254deea1e0f783,NO,NO,YES,YES,AUTO
der/die Fischer/in,der Fischer, die Fischerin,der/die Fischer/in,2e83831943c796ec,NO,NO,YES,YES,AUTO
der/die Mitinhaber/in,der Mitinhaber, die Mitinhaberin,der/die Mitinhaber/in,f968ce0d36b09a0e,NO,NO,YES,YES,AUTO
der/die Mitschüler/in,der Mitschüler, die Mitschülerin,der/die Mitschüler/in,3d200634ecc16bb9,NO,NO,YES,YES,AUTO
der/die Moderator/in,der Moderator, die Moderatorin,der/die Moderator/in,b75e013948121778,NO,NO,YES,YES,AUTO
der/die Optiker/in,der Optiker, die Optikerin,der/die Optiker/in,0f2e40c791165023,NO,NO,YES,YES,AUTO
der/die Schwimmer/in,der Schwimmer, die Schwimmerin,der/die Schwimmer/in,a268e1dc0dfbb03f,NO,NO,YES,YES,AUTO
der/die Berufsanfänger/in,der Berufsanfänger, die Berufsanfängerin,der/die Berufsanfänger/in,10c0eaf63f0a6909,NO,NO,YES,YES,AUTO
der/die Veranstalter/in,der Veranstalter, die Veranstalterin,der/die Veranstalter/in,fbc8b9aef32750e1,NO,NO,YES,YES,AUTO
der/die Wissensmanager/in,der Wissensmanager, die Wissensmanagerin,der/die Wissensmanager/in,c4aab273c49dc017,NO,NO,YES,YES,AUTO
der/die Erfinder/in,der Erfinder, die Erfinderin,der/die Erfinder/in,eafe25855b999918,NO,NO,YES,YES,AUTO
der/die Feind/in,der Feind, die Feindin,der/die Feind/in,fce610611a8cfbc4,NO,NO,YES,YES,AUTO
der/die Forscher/in,der Forscher, die Forscherin,der/die Forscher/in,62c97fd186906a98,NO,NO,YES,YES,AUTO
der/die Gewinner/in,der Gewinner, die Gewinnerin,der/die Gewinner/in,52b3ef2ba76a7811,NO,NO,YES,YES,AUTO
der/die Kämpfer/in,der Kämpfer, die Kämpferin,der/die Kämpfer/in,658ff0b91b567d56,NO,NO,YES,YES,AUTO
der/die Kandidat/in,der Kandidat, die Kandidatin,der/die Kandidat/in,c58752d384974686,NO,NO,YES,YES,AUTO
der/die Leiter/in,der Leiter, die Leiterin,der/die Leiter/in,763a8a5d1efcbe14,NO,NO,YES,YES,AUTO
der/die Mediziner/in,der Mediziner, die Medizinerin,der/die Mediziner/in,e29fb2de14cd53d6,NO,NO,YES,YES,AUTO
der/die Mitbewohner/in,der Mitbewohner, die Mitbewohnerin,der/die Mitbewohner/in,cb45f44286365b54,NO,NO,YES,YES,AUTO
der/die Physiker/in,der Physiker, die Physikerin,der/die Physiker/in,3e60951b3cdb4a3f,NO,NO,YES,YES,AUTO
der/die Präsident/in,der Präsident, die Präsidentin,der/die Präsident/in,2fdbcfe5bc537447,NO,NO,YES,YES,AUTO
der/die Proband/in,der Proband, die Probandin,der/die Proband/in,a140bc4e7bc1cec0,NO,NO,YES,YES,AUTO
der/die Techniker/in,der Techniker, die Technikerin,der/die Techniker/in,5f796d9541dd4187,NO,NO,YES,YES,AUTO
der/die Verlierer/in,der Verlierer, die Verliererin,der/die Verlierer/in,27661d062ec88f42,NO,NO,YES,YES,AUTO
der/die Vermieter/in,der Vermieter, die Vermieterin,der/die Vermieter/in,a3ea8d9d7a248f66,NO,NO,YES,YES,AUTO
der/die Allesfresser/in,der Allesfresser, die Allesfresserin,der/die Allesfresser/in,25c21cc79d34bbc4,NO,NO,YES,YES,AUTO
der/die Feuilletonist/in,der Feuilletonist, die Feuilletonistin,der/die Feuilletonist/in,65a54c7c26fecd66,NO,NO,YES,YES,AUTO
der/die Ministerpräsident/in,der Ministerpräsident, die Ministerpräsidentin,der/die Ministerpräsident/in,bece71071035b77f,NO,NO,YES,YES,AUTO
der/die Nationalsozialist/in,der Nationalsozialist, die Nationalsozialistin,der/die Nationalsozialist/in,6ce7724b327dde3b,NO,NO,YES,YES,AUTO
der/die Nobelpreisträger/in,der Nobelpreisträger, die Nobelpreisträgerin,der/die Nobelpreisträger/in,3d4a57f3abe83048,NO,NO,YES,YES,AUTO
Grafiker/innen,Grafiker, Grafikerinnen,Grafiker/innen,014303954e2d0af7,NO,NO,YES,YES,AUTO
Gründer/innen,Gründer, Gründerinnen,Gründer/innen,07b7ef7cc2eeada1,NO,NO,YES,YES,AUTO
Nachmieter/innen,Nachmieter, Nachmieterinnen,Nachmieter/innen,b1eb4b73e007ae0d,NO,NO,YES,YES,AUTO
Amateur-Boxer/innen,Amateur-Boxer, Amateur-Boxerinnen,Amateur-Boxer/innen,18bd73c5be536b9e,NO,NO,YES,YES,AUTO
Sprachwissenschaftler/innen,Sprachwissenschaftler, Sprachwissenschaftlerinnen,Sprachwissenschaftler/innen,d246410f7a758bb9,NO,NO,YES,YES,AUTO
Wissenschaftler/innen,Wissenschaftler, Wissenschaftlerinnen,Wissenschaftler/innen,adb5d2ffd7fbad8c,NO,NO,YES,YES,AUTO
Kneipenbesitzer/innen,Kneipenbesitzer, Kneipenbesitzerinnen,Kneipenbesitzer/innen,51a8cb798933767a,NO,NO,YES,YES,AUTO
Nichtschwimmer/innen,Nichtschwimmer, Nichtschwimmerinnen,Nichtschwimmer/innen,1a5c1e08cd75ada5,NO,NO,YES,YES,AUTO
Wanderarbeiter/innen,Wanderarbeiter, Wanderarbeiterinnen,Wanderarbeiter/innen,3da6a4b0a7ab3a07,NO,NO,YES,YES,AUTO
Gegner/innen,Gegner, Gegnerinnen,Gegner/innen,404e621f22091ee3,NO,NO,YES,YES,AUTO
Gepäckermittler/innen,Gepäckermittler, Gepäckermittlerinnen,Gepäckermittler/innen,9efbad15f225f4eb,NO,NO,YES,YES,AUTO
Stellvertreter/innen,Stellvertreter, Stellvertreterinnen,Stellvertreter/innen,ba71849334915656,NO,NO,YES,YES,AUTO
Trendforscher/innen,Trendforscher, Trendforscherinnen,Trendforscher/innen,779bf6033adc963c,NO,NO,YES,YES,AUTO
Bauzeichner/innen,Bauzeichner, Bauzeichnerinnen,Bauzeichner/innen,9c8171a8608a7094,NO,NO,YES,YES,AUTO
Bewerber/innen,Bewerber, Bewerberinnen,Bewerber/innen,d1cc13763055b2ee,NO,NO,YES,YES,AUTO
Blogger/innen,Blogger, Bloggerinnen,Blogger/innen,406a22849a0c1100,NO,NO,YES,YES,AUTO
Manager/innen,Manager, Managerinnen,Manager/innen,bb595eedd6634ad0,NO,NO,YES,YES,AUTO
Schneider/innen,Schneider, Schneiderinnen,Schneider/innen,1a02c360592161e4,NO,NO,YES,YES,AUTO
Unternehmer/innen,Unternehmer, Unternehmerinnen,Unternehmer/innen,5f8d594765c6478f,NO,NO,YES,YES,AUTO
Bewerbungstrainer/innen,Bewerbungstrainer, Bewerbungstrainerinnen,Bewerbungstrainer/innen,7641b4d27006b5b4,NO,NO,YES,YES,AUTO
Eventmanager/innen,Eventmanager, Eventmanagerinnen,Eventmanager/innen,7d84365c2f44376b,NO,NO,YES,YES,AUTO
Geschäftsführer/innen,Geschäftsführer, Geschäftsführerinnen,Geschäftsführer/innen,5bcc25d287a2e10c,NO,NO,YES,YES,AUTO
Grillmeister/innen,Grillmeister, Grillmeisterinnen,Grillmeister/innen,999e74edbd116fe1,NO,NO,YES,YES,AUTO
Informatiker/innen,Informatiker, Informatikerinnen,Informatiker/innen,856eb3810ee9fb17,NO,NO,YES,YES,AUTO
Klavierbauer/innen,Klavierbauer, Klavierbauerinnen,Klavierbauer/innen,354e82ab3d10b4e2,NO,NO,YES,YES,AUTO
Maskenbildner/innen,Maskenbildner, Maskenbildnerinnen,Maskenbildner/innen,61613d8bee3f5212,NO,NO,YES,YES,AUTO
Textilunternehmer/innen,Textilunternehmer, Textilunternehmerinnen,Textilunternehmer/innen,d6a226af895f330f,NO,NO,YES,YES,AUTO
Werbepartner/innen,Werbepartner, Werbepartnerinnen,Werbepartner/innen,635c14b3a68858e4,NO,NO,YES,YES,AUTO
Betreiber/innen,Betreiber, Betreiberinnen,Betreiber/innen,6acfc648f8f74bc4,NO,NO,YES,YES,AUTO
Helfer/innen,Helfer, Helferinnen,Helfer/innen,1a2d7541aef18bd1,NO,NO,YES,YES,AUTO
Alleinernährer/innen,Alleinernährer, Alleinernährerinnen,Alleinernährer/innen,dcd26cf6581a1027,NO,NO,YES,YES,AUTO
Geringverdiener/innen,Geringverdiener, Geringverdienerinnen,Geringverdiener/innen,3de74da801487d8c,NO,NO,YES,YES,AUTO
Sicherheitsleiter/innen,Sicherheitsleiter, Sicherheitsleiterinnen,Sicherheitsleiter/innen,2a2653509daf2cc3,NO,NO,YES,YES,AUTO
Sozialhilfeempfänger/innen,Sozialhilfeempfänger, Sozialhilfeempfängerinnen,Sozialhilfeempfänger/innen,3a5e323a46152740,NO,NO,YES,YES,AUTO
Amtsinhaber/innen,Amtsinhaber, Amtsinhaberinnen,Amtsinhaber/innen,25fd011791d14783,NO,NO,YES,YES,AUTO
Bauarbeiter/innen,Bauarbeiter, Bauarbeiterinnen,Bauarbeiter/innen,b9aea72ad8081ac4,NO,NO,YES,YES,AUTO
Grenzsoldaten/innen,Grenzsoldaten, Grenzsoldatinnen,Grenzsoldaten/innen,41252e42e1e4ca29,NO,NO,YES,YES,AUTHORED
Kanzler/innen,Kanzler, Kanzlerinnen,Kanzler/innen,9ec9a6e1c0b006b7,NO,NO,YES,YES,AUTO
Krieger/innen,Krieger, Kriegerinnen,Krieger/innen,983f07ac19b38e94,NO,NO,YES,YES,AUTO
Lokführer/innen,Lokführer, Lokführerinnen,Lokführer/innen,f65de97544387e21,NO,NO,YES,YES,AUTO
Regierungschefs/innen,Regierungschefs, Regierungschefinnen,Regierungschefs/innen,37227dbb4d908ec0,NO,NO,YES,YES,AUTHORED
Rentner/innen,Rentner, Rentnerinnen,Rentner/innen,797102257b9ddfd0,NO,NO,YES,YES,AUTO
Schiedsrichter/innen,Schiedsrichter, Schiedsrichterinnen,Schiedsrichter/innen,e0c424355a0d35ae,NO,NO,YES,YES,AUTO
Besitzer/innen,Besitzer, Besitzerinnen,Besitzer/innen,e44c7496f25053e3,NO,NO,YES,YES,AUTO
Bundeskanzler/innen,Bundeskanzler, Bundeskanzlerinnen,Bundeskanzler/innen,83c70530c72e5a10,NO,NO,YES,YES,AUTO
Bundesminister/innen,Bundesminister, Bundesministerinnen,Bundesminister/innen,cb7fd3089c0835eb,NO,NO,YES,YES,AUTO
Kanzlerkandidaten/innen,Kanzlerkandidaten, Kanzlerkandidatinnen,Kanzlerkandidaten/innen,867333c6b73e1032,NO,NO,YES,YES,AUTHORED
Pressesprecher/innen,Pressesprecher, Pressesprecherinnen,Pressesprecher/innen,7b2a05ddaf207dfc,NO,NO,YES,YES,AUTO
Regierungssprecher/innen,Regierungssprecher, Regierungssprecherinnen,Regierungssprecher/innen,9e4cab10fc805fbb,NO,NO,YES,YES,AUTO
Staatsführer/innen,Staatsführer, Staatsführerinnen,Staatsführer/innen,b4e4409466b4f3f0,NO,NO,YES,YES,AUTO
Außenseiter/innen,Außenseiter, Außenseiterinnen,Außenseiter/innen,21c1004b42b0736e,NO,NO,YES,YES,AUTO
Dichter/innen,Dichter, Dichterinnen,Dichter/innen,d9cb999d10c2a29a,NO,NO,YES,YES,AUTO
Essayisten/innen,Essayisten, Essayistinnen,Essayisten/innen,83aa994153303150,NO,NO,YES,YES,AUTHORED
Musiktherapeuten/innen,Musiktherapeuten, Musiktherapeutinnen,Musiktherapeuten/innen,c392026686382b70,NO,NO,YES,YES,AUTHORED
Philosophen/innen,Philosophen, Philosophinnen,Philosophen/innen,8621af8ef5fcfd59,NO,NO,YES,YES,AUTHORED
Romantiker/innen,Romantiker, Romantikerinnen,Romantiker/innen,3a3b83310ae9a3da,NO,NO,YES,YES,AUTO
Satiriker/innen,Satiriker, Satirikerinnen,Satiriker/innen,a06e769e4d2204e8,NO,NO,YES,YES,AUTO
Schriftsteller/innen,Schriftsteller, Schriftstellerinnen,Schriftsteller/innen,77c7ef7e5d3cec34,NO,NO,YES,YES,AUTO
Detektive/innen,Detektive, Detektivinnen,Detektive/innen,6dddb7074b7ae106,NO,NO,YES,YES,AUTHORED
Idioten/innen,Idioten, Idiotinnen,Idioten/innen,b5bd71e78cd4000e,NO,NO,YES,YES,AUTHORED
Informanten/innen,Informanten, Informantinnen,Informanten/innen,2c2f550f9dce034f,NO,NO,YES,YES,AUTHORED
Kaiser/innen,Kaiser, Kaiserinnen,Kaiser/innen,697ac06e7c1b4f94,NO,NO,YES,YES,AUTO
Kommissare/innen,Kommissare, Kommissarinnen,Kommissare/innen,0ed8211b2113d60e,NO,NO,YES,YES,AUTHORED
Mandanten/innen,Mandanten, Mandantinnen,Mandanten/innen,396cf0d1bbc8e36f,NO,NO,YES,YES,AUTHORED
Reporter/innen,Reporter, Reporterinnen,Reporter/innen,734e3f2ffefa7665,NO,NO,YES,YES,AUTO
Betrachter/innen,Betrachter, Betrachterinnen,Betrachter/innen,36e27ad4422f05b4,NO,NO,YES,YES,AUTO
Entdecker/innen,Entdecker, Entdeckerinnen,Entdecker/innen,6168432d5f251455,NO,NO,YES,YES,AUTO
Galeristen/innen,Galeristen, Galeristinnen,Galeristen/innen,bd824230601fb0ff,NO,NO,YES,YES,AUTHORED
Ich-Erzähler/innen,Ich-Erzähler, Ich-Erzählerinnen,Ich-Erzähler/innen,5f1bfab70ee6984a,NO,NO,YES,YES,AUTO
Malereiprofessoren/innen,Malereiprofessoren, Malereiprofessorinnen,Malereiprofessoren/innen,0a7dbd3803a25f5c,NO,NO,YES,YES,AUTHORED
Meisterschüler/innen,Meisterschüler, Meisterschülerinnen,Meisterschüler/innen,f79e5635ccddc8a7,NO,NO,YES,YES,AUTO
Muttersprachler/innen,Muttersprachler, Muttersprachlerinnen,Muttersprachler/innen,1c6a0a13904c4eca,NO,NO,YES,YES,AUTO
Schlossbesucher/innen,Schlossbesucher, Schlossbesucherinnen,Schlossbesucher/innen,8195ed7ae68bed30,NO,NO,YES,YES,AUTO
Sprachforscher/innen,Sprachforscher, Sprachforscherinnen,Sprachforscher/innen,01cfebee0fdcc14c,NO,NO,YES,YES,AUTO
Vertreter/innen,Vertreter, Vertreterinnen,Vertreter/innen,3c42815cd1b52b03,NO,NO,YES,YES,AUTO
Aussteller/innen,Aussteller, Ausstellerinnen,Aussteller/innen,e9f2723f7e804d99,NO,NO,YES,YES,AUTO
Autofahrer/innen,Autofahrer, Autofahrerinnen,Autofahrer/innen,5bfc1b1d5c7a5317,NO,NO,YES,YES,AUTO
Berater/innen,Berater, Beraterinnen,Berater/innen,7c42de5ab77167b3,NO,NO,YES,YES,AUTO
Fischer/innen,Fischer, Fischerinnen,Fischer/innen,07f5cbf7fe879703,NO,NO,YES,YES,AUTO
Mitinhaber/innen,Mitinhaber, Mitinhaberinnen,Mitinhaber/innen,5e6154eac2110aab,NO,NO,YES,YES,AUTO
Mitschüler/innen,Mitschüler, Mitschülerinnen,Mitschüler/innen,accba6bb89b1e5c5,NO,NO,YES,YES,AUTO
Optiker/innen,Optiker, Optikerinnen,Optiker/innen,d29ce8726510024a,NO,NO,YES,YES,AUTO
Schwimmer/innen,Schwimmer, Schwimmerinnen,Schwimmer/innen,09e338ead141f975,NO,NO,YES,YES,AUTO
Berufsanfänger/innen,Berufsanfänger, Berufsanfängerinnen,Berufsanfänger/innen,a68ca039a36e34ce,NO,NO,YES,YES,AUTO
Veranstalter/innen,Veranstalter, Veranstalterinnen,Veranstalter/innen,d9f23846a08acde6,NO,NO,YES,YES,AUTO
Wissensmanager/innen,Wissensmanager, Wissensmanagerinnen,Wissensmanager/innen,2fedc3ff8bee115a,NO,NO,YES,YES,AUTO
Erfinder/innen,Erfinder, Erfinderinnen,Erfinder/innen,11a8ebd9099569f7,NO,NO,YES,YES,AUTO
Forscher/innen,Forscher, Forscherinnen,Forscher/innen,4d4e5ea262817fea,NO,NO,YES,YES,AUTO
Gewinner/innen,Gewinner, Gewinnerinnen,Gewinner/innen,71eeaaa6b3b6a703,NO,NO,YES,YES,AUTO
Kämpfer/innen,Kämpfer, Kämpferinnen,Kämpfer/innen,55eb23ad8f6f61a4,NO,NO,YES,YES,AUTO
Leiter/innen,Leiter, Leiterinnen,Leiter/innen,dfe5166382e94736,NO,NO,YES,YES,AUTO
Mediziner/innen,Mediziner, Medizinerinnen,Mediziner/innen,384fe0134df28c65,NO,NO,YES,YES,AUTO
Mitbewohner/innen,Mitbewohner, Mitbewohnerinnen,Mitbewohner/innen,af39ac68c5f0f953,NO,NO,YES,YES,AUTO
Physiker/innen,Physiker, Physikerinnen,Physiker/innen,62115b538c7f3b89,NO,NO,YES,YES,AUTO
Techniker/innen,Techniker, Technikerinnen,Techniker/innen,cc07e954a72c587c,NO,NO,YES,YES,AUTO
Verlierer/innen,Verlierer, Verliererinnen,Verlierer/innen,c5013d616cac6712,NO,NO,YES,YES,AUTO
Vermieter/innen,Vermieter, Vermieterinnen,Vermieter/innen,4443d6b784801763,NO,NO,YES,YES,AUTO
Allesfresser/innen,Allesfresser, Allesfresserinnen,Allesfresser/innen,ed9e337d9f380eaf,NO,NO,YES,YES,AUTO
Nobelpreisträger/innen,Nobelpreisträger, Nobelpreisträgerinnen,Nobelpreisträger/innen,110ec6adfa076fe1,NO,NO,YES,YES,AUTO
Anrufer/innen,Anrufer, Anruferinnen,Anrufer/innen,1ef602b86707ed96,NO,NO,YES,YES,AUTO
Kunstturner/innen,Kunstturner, Kunstturnerinnen,Kunstturner/innen,7a48b60ec6d33b1b,NO,NO,YES,YES,AUTO
Prüfer/innen,Prüfer, Prüferinnen,Prüfer/innen,bf838530167f1820,NO,NO,YES,YES,AUTO
Monoskibobfahrer/innen,Monoskibobfahrer, Monoskibobfahrerinnen,Monoskibobfahrer/innen,47afe9c9eaaa1065,NO,NO,YES,YES,AUTO
Polizeimeister/innen,Polizeimeister, Polizeimeisterinnen,Polizeimeister/innen,75be053329098a05,NO,NO,YES,YES,AUTO